Time Posted,"Image URL","Caption","Media Type (Image, Video, Carousel)","Engagements","Views","Reach","Clicks","Likes","Shares","Comments"
"Apr 3, 2026 01:00:14 PM","https://scontent-iad6-1.xx.fbcdn.net/v/t39.30808-6/661599423_122116771371229279_4365427761240789917_n.jpg?stp=dst-jpg_s720x720_tt6&_nc_cat=106&ccb=1-7&_nc_sid=127cfc&_nc_ohc=-latxrDB7xoQ7kNvwHrytSM&_nc_oc=AdpjRETJmgkKgBIFdMtk4X_t0-bXdHzuj7M1OHuy9LJvaFmEkTDnzwnLRygbS7DADIM&_nc_zt=23&_nc_ht=scontent-iad6-1.xx&edm=AJfPMC4EAAAA&_nc_gid=imgC630Sppn4JVtq4O-ydw&_nc_tpa=Q5bMBQGteadRrWCS9UkylA_aWLTyL2HDdgeW5B9I6r1B2YHs5KlIW9cdq1tTvhVc-3_n1q0A1vLV6gjM&oh=00_Af4c6oWY1ofHP10054SspPDtTtwrfaqcXCCRdPJSVVe5LQ&oe=6A1972A1","Sometimes a home does not need a complete overhaul to feel fresh again.�Often, what homeowners notice first is fading paint, worn windows, dated trim, or exterior details that no longer reflect how they want their home to feel.

At Construction Concern, we help Los Angeles homeowners make thoughtful upgrades that improve appearance, comfort, and long-term value.

See Our Work at constructionconcern.com

#ConstructionConcern #LosAngelesHomes #HomeImprovement #CurbAppeal #ExteriorUpgrades #SouthernCaliforniaHomes #FreeEstimate","photo","0","1","221","0","0",,"0"
"Apr 8, 2026 01:00:16 PM","https://scontent-iad6-1.xx.fbcdn.net/v/t39.30808-6/668980240_122117597373229279_6773325400725434273_n.jpg?stp=dst-jpg_s720x720_tt6&_nc_cat=100&ccb=1-7&_nc_sid=127cfc&_nc_ohc=U4VCPYQez1MQ7kNvwGY_TJ0&_nc_oc=AdqF2fb4v-6MrohPfhVq5DllGGomrTi8ba3NkUOUHD3fX_2i2_KjeBDIVBkX5mydTh4&_nc_zt=23&_nc_ht=scontent-iad6-1.xx&edm=AJfPMC4EAAAA&_nc_gid=H4SolWQyXUXP8j7Mz2hMxA&_nc_tpa=Q5bMBQHJ9hFi0G5wE2kBPxgz2qgmd6Au920uOvGz2uZlA6tzr3Awz5zAIRnUSsi3K8OjkdThsJWCZyfL&oh=00_Af673U-UL7Sn8EnYHx33esJXYOwMkeqeJ-4wVMvID2S_Xg&oe=6A1989E6","A kitchen can feel updated without feeling temporary.

For many homeowners, the best upgrades are the ones that improve how the space works every day:
* better layout
* cleaner finishes
* more useful storage
* improved lighting
* materials that feel warm and durable

The right remodel should still feel good years from now.
Schedule Your Consultation at constructionconcern.com

#ConstructionConcern #KitchenRemodel #HomeDesign #LosAngelesKitchen #HomeImprovement #TimelessDesign #ScheduleAConsultation","photo","0","0","0","0","0",,"0"
"Apr 9, 2026 01:00:09 PM","https://scontent-iad6-1.xx.fbcdn.net/v/t39.30808-6/668977917_122117720313229279_7463272287695412542_n.jpg?stp=dst-jpg_s720x720_tt6&_nc_cat=102&ccb=1-7&_nc_sid=127cfc&_nc_ohc=KnGpRIMvhIcQ7kNvwEAAaly&_nc_oc=AdrE80NY9vkGEJnT92FwkorZi8_HzrQP_EHTXVDd9AVodoVHsoW9QkXvgNgdgrMMydE&_nc_zt=23&_nc_ht=scontent-iad6-1.xx&edm=AJfPMC4EAAAA&_nc_gid=Qgjc1GCeJLVu1cJmZMcedA&_nc_tpa=Q5bMBQFmoXlbVQ4qAy-NJYyYNzKlwL0iR1knljw0J4ueXP_VNcmjb9PeIP9AFIv4ckiYvZLkC03b85Qu&oh=00_Af6xzY3McFj2fwch2AJti_yNtSz98qXWmypcooukxjcbxw&oe=6A1973C6","Your LADWP bill is not just about how much air conditioning you run.

The windows in your home play a major role in how hard your cooling system has to work. In Los Angeles, that matters even more during the long warm season.

In our latest Home Insights Blog, we explain:
• how older windows can increase heat gain
• why energy-efficient windows can improve comfort
• what the savings data may mean for Southern California homeowners
• when replacement may be a better investment than repair

If you have noticed drafty rooms, rising energy bills, or windows that no longer seem to perform well, this is a helpful place to start.

Read the blog at constructionconcern.com

#ConstructionConcern #LosAngelesHomeowners #EnergyEfficientWindows #WindowReplacement #HomeImprovement #LADWP #SantaClaritaValley","photo","0","302","252","0","0",,"0"
"Apr 11, 2026 09:00:17 AM","https://scontent-iad6-1.xx.fbcdn.net/v/t39.30808-6/669313336_122117962641229279_1079445165861523558_n.jpg?stp=dst-jpg_s720x720_tt6&_nc_cat=109&ccb=1-7&_nc_sid=127cfc&_nc_ohc=eDSjL-BrjxQQ7kNvwFYlu2o&_nc_oc=Adp2Nylk3Mkew8bxBRsonFxicDAZrVLgF5lnamDWi7hywtiv-2WkSnWmS4AykyDL9yc&_nc_zt=23&_nc_ht=scontent-iad6-1.xx&edm=AJfPMC4EAAAA&_nc_gid=7RYVjK3qAAiNK6HoE7tTvg&_nc_tpa=Q5bMBQHgSXSM9ME34zWrMR5SDl7W0PyL9-xYw3_XTiZN4R3D0MKP1jb_JShjGuI_HVIyNtnUeo6SSddG&oh=00_Af4suAFZ4YTeCoNmbryjnrVzi-vZg2ZmUbJyZmC0EBRJjg&oe=6A197F60","If one room in your home always feels hotter, draftier, or louder than the rest, your windows may be part of the problem.

A few common signs:
* indoor temperatures shift quickly
* drafts near frames
* increased outside noise
* windows that stick, fog, or feel worn

Window replacement is not only about appearance. It can also improve comfort and everyday livability.

Get a Free Estimate at constructionconcern.com

#ConstructionConcern #WindowReplacement #HomeComfort #LosAngelesHomeowners #EnergyEfficiency #HomeImprovement #FreeEstimate","photo","0","245","190","0","0",,"0"
"Apr 13, 2026 01:00:08 PM","https://scontent-iad6-1.xx.fbcdn.net/v/t39.30808-6/672668945_122118248391229279_6667319356239531744_n.jpg?stp=dst-jpg_s720x720_tt6&_nc_cat=100&ccb=1-7&_nc_sid=127cfc&_nc_ohc=st3LJ7UtOFUQ7kNvwFM8QeP&_nc_oc=AdrkMURK_uJdCLZphKpejqF4C7eLCINU5Y9I1wO2vCfXVkabN3_OHqRWP2r0ka98Yt4&_nc_zt=23&_nc_ht=scontent-iad6-1.xx&edm=AJfPMC4EAAAA&_nc_gid=NF8pxYTqBAlm6Nzqg4lUfg&_nc_tpa=Q5bMBQFod0a7bKtTPovStA9cN0YUlRUMBiVzQhsSk_8GrbYsXPOE83uGr5kfxV2nrpaMRMsre9O8_fiZ&oh=00_Af6QAZI__YawcdJxTeta9yNfL_GRiw0Vea1XB_7BiiaQJA&oe=6A197E03","A kitchen can feel updated without feeling temporary.

For many homeowners, the best upgrades are the ones that improve how the space works every day:
* better layout
* cleaner finishes
* more useful storage
* improved lighting
* materials that feel warm and durable

The right remodel should still feel good years from now.

Schedule Your Consultation at constructionconcern.com

#ConstructionConcern #KitchenRemodel #HomeDesign #LosAngelesKitchen #HomeImprovement #TimelessDesign #ScheduleAConsultation","photo","0","279","207","0","0",,"0"
"Apr 15, 2026 01:00:11 PM","https://scontent-iad3-2.xx.fbcdn.net/v/t39.30808-6/671478950_122118521271229279_1147879174744937746_n.jpg?stp=dst-jpg_s720x720_tt6&_nc_cat=111&ccb=1-7&_nc_sid=127cfc&_nc_ohc=9C_rB0R6dpgQ7kNvwGOX_lc&_nc_oc=Adrh6SyF2jQaM9QfnTBE5t65GYyeObLWYb20r7aOXvJ3NbtGdlDD9_h_P3jF7uoULeI&_nc_zt=23&_nc_ht=scontent-iad3-2.xx&edm=AJfPMC4EAAAA&_nc_gid=VBWDKadnia65hnnJ62RerQ&_nc_tpa=Q5bMBQHGFbK2TzU9bNfaC3mSwWOYn31o8uJhF9Vw8UwUrrKII5gtl2a0iKHhXLJg5qresFj2Vffx7qic&oh=00_Af4dtFDz4he-3DxqIKa8CHbqjI-b5dgv5sCSaipDGfuCVA&oe=6A1993EA","Choosing a contractor is not only about services. It is also about local knowledge.

Los Angeles homes come with real considerations:
* heat
* sun exposure
* neighborhood style
* wildfire concerns
* aging housing stock
* long-term exterior wear

Working with a team that understands this region can make a real difference in the recommendations you receive.

Learn More at constructionconcern.com

#ConstructionConcern #LosAngelesContractor #LocalBusiness #HomeImprovement #SouthernCaliforniaHomes #TrustedContractor #LearnMore","photo","0","0","0","0","0",,"0"
"Apr 18, 2026 01:00:05 PM","https://scontent-iad3-1.xx.fbcdn.net/v/t39.30808-6/672684365_122118884139229279_7063971171039917574_n.jpg?stp=dst-jpg_s720x720_tt6&_nc_cat=104&ccb=1-7&_nc_sid=127cfc&_nc_ohc=5rbKT-104XsQ7kNvwHCd0vU&_nc_oc=Adr2kKTfE9o4Vje58fikOM9z68wFMjCSl6-tCU-QK5eOEVf1tvLemH4oZbT43ICykzQ&_nc_zt=23&_nc_ht=scontent-iad3-1.xx&edm=AJfPMC4EAAAA&_nc_gid=GHaTZduTpKluPrT0qRkrcg&_nc_tpa=Q5bMBQH_KnyzqnUZkpYStdSIjSQdhm4ULFyc4ymUssn1nwwQnIDYCmfqqNyE-oM2rgxn7Kljyo7QZ2GH&oh=00_Af5dBjKglCBfnGmoMWeYY7RHOT-HRYwepAdB7P7qPZfgfA&oe=6A199654","Bathroom remodeling is often framed as a style decision. In reality, it can also improve the rhythm of everyday life.

Better flow. Better storage. Better lighting. Better comfort.

When a bathroom works well, mornings feel easier and the whole home feels more cared for.

See Our Work at constructionconcern.com

#ConstructionConcern #BathroomRemodel #HomeComfort #LosAngelesHomes #HomeImprovement #BathroomDesign #SeeOurWork","photo","0","284","209","0","0",,"0"
"Apr 21, 2026 01:00:04 PM","https://scontent-iad3-2.xx.fbcdn.net/v/t39.30808-6/674580284_122119266627229279_7313695367234212902_n.jpg?stp=dst-jpg_s720x720_tt6&_nc_cat=103&ccb=1-7&_nc_sid=127cfc&_nc_ohc=1r49tKrgzFAQ7kNvwEV97dz&_nc_oc=AdroGswhoEyp4QcbvW2DmGYpN_UpCGYjKdTB9y3T6hDz77J4npLX2jxSbnkkiV9z_wQ&_nc_zt=23&_nc_ht=scontent-iad3-2.xx&edm=AJfPMC4EAAAA&_nc_gid=YRuyIYHTwe16iLWKVmPHvA&_nc_tpa=Q5bMBQHr_SHG6yItWN0yLCtoQ1S6qjqOE78Dl_iLTkQSRjRWEF7XeDFX4a8rUjanDp1mhMDBlvYgb2N3&oh=00_Af60C26kA_BA2PTFprDjvvoj72fu1xnIQfJLvfSJVSxoUA&oe=6A1986F8","Spring light is beautiful, but it also tends to highlight what homeowners have been meaning to address:
* worn finishes
* aging windows
* rooms that feel dim or closed off
* spaces that no longer feel as fresh as they could

This time of year is often when homeowners start planning the improvements they have been putting off.

Get a Free Estimate at constructionconcern.com

#ConstructionConcern #SpringHomeProjects #WindowReplacement #HomeRefresh #LosAngelesHomes #HomeImprovement","photo","1","306","218","1","0",,"0"
"Apr 23, 2026 01:00:06 PM","https://scontent-iad3-2.xx.fbcdn.net/v/t39.30808-6/678949764_122119505337229279_6662641209485899655_n.jpg?stp=dst-jpg_s720x720_tt6&_nc_cat=105&ccb=1-7&_nc_sid=127cfc&_nc_ohc=WhtBjKVr7gsQ7kNvwElFhAy&_nc_oc=AdrL9KhpN0qzHvBRmh_0vglfW3iefYN5YPiv-oC1lXTCcbeRuIG7YQzvXT9iLd82dfA&_nc_zt=23&_nc_ht=scontent-iad3-2.xx&edm=AJfPMC4EAAAA&_nc_gid=fTbd032ojwob-geO-p9AtQ&_nc_tpa=Q5bMBQGHZAi8PNIDJY-XOepe8OMfH65sY9ZxKi72Hfb1T580s6u6kdpD8rXRU7k9frVsJnBHt3swDECN&oh=00_Af7kF7IncqWnTSd73EBue4_Lnt9q--IMQg6on67f2gioZg&oe=6A199610","Siding affects more than curb appeal.

It also plays a role in:
* exterior protection
* maintenance needs
* long-term durability
* how polished a home feels from the street

When homeowners think about siding only as a color choice, they often miss the bigger picture.

Learn More at constructionconcern.com

#ConstructionConcern #Siding #ExteriorProtection #CurbAppeal #LosAngelesHomes #HomeImprovement #LearnMore","photo","0","345","258","0","0",,"0"
"Apr 28, 2026 01:00:04 PM","https://scontent-iad3-1.xx.fbcdn.net/v/t39.30808-6/683197283_122120243787229279_7934082190030508341_n.jpg?stp=dst-jpg_s720x720_tt6&_nc_cat=110&ccb=1-7&_nc_sid=127cfc&_nc_ohc=R_Y2vA51YMgQ7kNvwFivHts&_nc_oc=AdoRMp7kizi88MlMo4zu7Gk-V6gRb51e7fPrv2B4-i6Ab-_S-suBANjRrBP-kbEm-ow&_nc_zt=23&_nc_ht=scontent-iad3-1.xx&edm=AJfPMC4EAAAA&_nc_gid=pi-yhm0JX_nkMvLWeQHYSg&_nc_tpa=Q5bMBQE212HSrFozc4_jBwZSNaCDA686Q0fyzaXXeZzgDsmjzJkJaF4V7MklcwqrshkxCOqxA2RF0eBi&oh=00_Af5vdhDLMay-v3CZtawYo8yWOgn-59uyCKHKMAFM9vHgKg&oe=6A19A2B0","If your home has one room that is always warmer than the rest, there is usually a reason.

In many cases, windows are part of the story.

Too much heat gain, aging frames, or underperforming glass can make a space harder to enjoy, especially as temperatures rise.

Comfort is a home improvement issue too.

Get a Free Estimate at constructionconcern.com

#ConstructionConcern #HomeComfort #WindowReplacement #LosAngelesHomes #EnergyEfficiency #HomeImprovement #FreeEstimate","photo","0","244","197","0","0",,"0"
"Apr 30, 2026 01:00:08 PM","https://scontent-iad6-1.xx.fbcdn.net/v/t39.30808-6/686030804_122120515629229279_2387640843029831114_n.jpg?stp=dst-jpg_s720x720_tt6&_nc_cat=102&ccb=1-7&_nc_sid=127cfc&_nc_ohc=pfHjVo6R5uMQ7kNvwEif8rQ&_nc_oc=AdoT5exLY5lnjPjMPrYD_CGRbgNSiRAVG22EVS99Q8r0-Wt0kzEyFDM9Q2qKn5PiAiE&_nc_zt=23&_nc_ht=scontent-iad6-1.xx&edm=AJfPMC4EAAAA&_nc_gid=RMut32eU33eS205Yxm1kWw&_nc_tpa=Q5bMBQHK9fogccdnJXQVyL4S2hX9yTWroUdU34kIfC7vqbcSpSDj1DuwaWC--Fs_W0PlNbn82J_HNtzw&oh=00_Af4oBFsvaEjak4DZCdbEek5TpfmSjS2mNY6KxCvVVaXboA&oe=6A197400","Wildfire-ready home improvements are not about fear. They are about practical planning.

A few places homeowners can start:
* soffits and eaves
* fire-conscious exterior materials
* roofing choices
* vulnerable exterior transition points

For Southern California homeowners, these details matter.

Read the Blog at constructionconcern.com

#ConstructionConcern #WildfireSafety #FireResistantMaterials #Soffits #LosAngelesHomes #HomeProtection #ReadTheBlog","photo","1","266","212","1","0",,"0"
"May 2, 2026 01:00:06 PM","https://scontent-iad3-1.xx.fbcdn.net/v/t39.30808-6/689014154_122120765349229279_5438328972765729979_n.jpg?stp=dst-jpg_s720x720_tt6&_nc_cat=110&ccb=1-7&_nc_sid=127cfc&_nc_ohc=UHxfP4CmIE4Q7kNvwFnsg9l&_nc_oc=Adr9kwU0C1nCzUg9L9G0EV5bYMXJNQIk0jFFqjNSrsYQv5S0eJtKYJ_aXA1ZPiuA8tw&_nc_zt=23&_nc_ht=scontent-iad3-1.xx&edm=AJfPMC4EAAAA&_nc_gid=x1JqEcXAUU17XP2bXcOmtQ&_nc_tpa=Q5bMBQGhpK6nszZgDnmPaXlx_vUWPxhvEDIr0wLdilMdu_GKwxXhO_VpssyH41d-7jBcjupz8dygGYxG&oh=00_Af6xDtum7oNYL1uQ_GJtJF912Bk98IaeP2wToLL4zW1kUw&oe=6A198B38","You can usually tell when a home has been cared for.

The details feel intentional. The finishes feel maintained. The updates make sense for the space.

That is what thoughtful home improvement work should do. Not overwhelm the home, but support it.

Learn More at constructionconcern.com

#ConstructionConcern #HomeCare #ThoughtfulDesign #LosAngelesHomes #HomeImprovement #CurbAppeal #LearnMore","photo","0","1","1","0","0",,"0"
